customer_id,order_amount
CUST28,5403.85
CUST6,4926.400000000001
CUST18,4315.9400000000005
CUST34,4263.61
CUST25,4092.18
CUST49,3951.7599999999998
CUST40,3854.48
CUST3,3129.98
CUST35,2988.6499999999996
CUST39,2970.42
